threshold;precision;recall
0.01;0.1210;1.0000
0.02;0.1214;0.9991
0.03;0.1250;0.9918
0.04;0.1398;0.9473
0.05;0.1651;0.8900
0.06;0.1924;0.8291
0.07;0.2226;0.7855
0.08;0.2597;0.7327
0.09;0.2963;0.6855
0.10;0.3323;0.6536
0.11;0.3639;0.6282
0.12;0.3898;0.5982
0.13;0.4116;0.5800
0.14;0.4249;0.5636
0.15;0.4350;0.5473
0.16;0.4448;0.5382
0.17;0.4537;0.5345
0.18;0.4582;0.5227
0.19;0.4641;0.5164
0.20;0.4693;0.5073
0.21;0.4736;0.4982
0.22;0.4806;0.4945
0.23;0.4849;0.4827
0.24;0.4870;0.4764
0.25;0.4952;0.4682
0.26;0.5005;0.4582
0.27;0.5113;0.4527
0.28;0.5142;0.4455
0.29;0.5178;0.4355
0.30;0.5179;0.4218
0.31;0.5224;0.4136
0.32;0.5243;0.4027
0.33;0.5299;0.3945
0.34;0.5330;0.3818
0.35;0.5412;0.3700
0.36;0.5447;0.3600
0.37;0.5578;0.3555
0.38;0.5627;0.3509
0.39;0.5714;0.3455
0.40;0.5730;0.3355
0.41;0.5765;0.3255
0.42;0.5819;0.3164
0.43;0.5916;0.3082
0.44;0.5967;0.3000
0.45;0.6041;0.2927
0.46;0.6130;0.2836
0.47;0.6159;0.2755
0.48;0.6301;0.2664
0.49;0.6341;0.2600
0.50;0.6434;0.2509
0.51;0.6496;0.2427
0.52;0.6590;0.2355
0.53;0.6605;0.2282
0.54;0.6639;0.2191
0.55;0.6743;0.2145
0.56;0.6896;0.2100
0.57;0.6904;0.2027
0.58;0.6948;0.1945
0.59;0.6997;0.1864
0.60;0.7070;0.1755
0.61;0.7057;0.1700
0.62;0.7054;0.1655
0.63;0.7073;0.1582
0.64;0.7031;0.1464
0.65;0.7136;0.1382
0.66;0.7255;0.1345
0.67;0.7344;0.1282
0.68;0.7377;0.1227
0.69;0.7457;0.1173
0.70;0.7500;0.1145
0.71;0.7438;0.1082
0.72;0.7383;0.1000
0.73;0.7391;0.0927
0.74;0.7520;0.0855
0.75;0.7523;0.0745
0.76;0.7979;0.0682
0.77;0.7978;0.0645
0.78;0.7975;0.0573
0.79;0.8056;0.0527
0.80;0.8154;0.0482
0.81;0.8000;0.0400
0.82;0.7843;0.0364
0.83;0.7778;0.0318
0.84;0.8205;0.0291
0.85;0.8000;0.0218
0.86;0.8000;0.0182
0.87;0.8000;0.0145
0.88;0.8571;0.0109
0.89;0.8182;0.0082
0.90;0.8000;0.0036
0.91;0.7500;0.0027
0.92;0.6667;0.0018
0.93;1.0000;0.0009
0.94;1.0000;0.0009
